Class,Train Count,Test Count,Train Share,Test Share
0,339343,54631,0.407672,0.409564
1,22720,3655,0.027296,0.027401
2,172157,28370,0.206826,0.212687
3,298159,46731,0.358206,0.350348
